product_id,product_name,total_predicted_sales,average_daily_sales
BREAD_LOAF_001,Bread Loaf,2867,92.48387096774194
EGGS_DOZEN_001,Eggs (12 pieces),2527,81.51612903225806
MILK_1L_001,Milk 1L Pack,4561,147.1290322580645
OIL_1L_001,Cooking Oil 1L,1196,38.58064516129032
RICE_1KG_001,Rice 1KG Pack,1656,53.41935483870968
