product_id,product_name,total_predicted_sales,average_daily_sales
BREAD_LOAF_001,Bread Loaf,2880,92.90322580645162
EGGS_DOZEN_001,Eggs (12 pieces),2531,81.64516129032258
MILK_1L_001,Milk 1L Pack,4565,147.25806451612902
OIL_1L_001,Cooking Oil 1L,1177,37.96774193548387
RICE_1KG_001,Rice 1KG Pack,1695,54.67741935483871
